"","SR","District","AreaCode","TsName_Census","TsCode_MIMU","TsName_MIMU","Township","Male","Female","Total"
"1","Kachin","Myitkyina","AREA # 010151","Hsinbo(ST)","MMR001001","Myitkyina","Hsinbo(ST)",87,94,181
"2","Kachin","Myitkyina","AREA # 010101","Myitkyina","MMR001001","Myitkyina","Myitkyina",1488,1648,3136
"3","Kachin","Myitkyina","AREA # 010152","Hsadone(ST)","MMR001002","Waingmaw","Hsadone(ST)",102,82,184
"4","Kachin","Myitkyina","AREA # 010153","Kanpaikti(ST)","MMR001002","Waingmaw","Kanpaikti(ST)",79,84,163
"5","Kachin","Myitkyina","AREA # 010102","Waingmaw","MMR001002","Waingmaw","Waingmaw",846,954,1800
"6","Kachin","Myitkyina","AREA # 010103","Ingyanyan","MMR001003","Injangyang","Ingyanyan",14,10,24
"7","Kachin","Myitkyina","AREA # 010154","Shinbwayyan(ST)","MMR001004","Tanai","Shinbwayyan(ST)",34,47,81
"8","Kachin","Myitkyina","AREA # 010104","Tanaing","MMR001004","Tanai","Tanaing",206,173,379
"9","Kachin","Myitkyina","AREA # 010105","Chiphwe","MMR001005","Chipwi","Chiphwe",77,68,145
"10","Kachin","Myitkyina","AREA # 010155","Panwa(ST)","MMR001005","Chipwi","Panwa(ST)",59,48,107
"11","Kachin","Myitkyina","AREA # 010106","Hsotlaw","MMR001006","Tsawlaw","Hsotlaw",62,42,104
"12","Kachin","Mohnyin","AREA # 010251","Hopin(ST)","MMR001007","Mohnyin","Hopin(ST)",182,228,410
"13","Kachin","Mohnyin","AREA # 010201","Mohnyin","MMR001007","Mohnyin","Mohnyin",457,531,988
"14","Kachin","Mohnyin","AREA # 010202","Mogaung","MMR001008","Mogaung","Mogaung",402,472,874
"15","Kachin","Mohnyin","AREA # 010203","Phakant","MMR001009","Hpakant","Phakant",576,582,1158
"16","Kachin","Mohnyin","AREA # 010252","Kamine(ST)","MMR001009","Hpakant","Kamine(ST)",79,84,163
"17","Kachin","Bhamo","AREA # 010301","Bhamo","MMR001010","Bhamo","Bhamo",795,937,1732
"18","Kachin","Bhamo","AREA # 010351","Myohla(ST)","MMR001011","Shwegu","Myohla(ST)",8,13,21
"19","Kachin","Bhamo","AREA # 010302","Shwegu","MMR001011","Shwegu","Shwegu",462,490,952
"20","Kachin","Bhamo","AREA # 010352","Lwe`ge`(ST)","MMR001012","Momauk","Lwe`ge`(ST)",96,100,196
"21","Kachin","Bhamo","AREA # 010353","Dotphoneyan(ST)","MMR001012","Momauk","Dotphoneyan(ST)",69,73,142
"22","Kachin","Bhamo","AREA # 010303","Momauk","MMR001012","Momauk","Momauk",236,288,524
"23","Kachin","Bhamo","AREA # 010304","Mansi","MMR001013","Mansi","Mansi",265,279,544
"24","Kachin","Putao","AREA # 010401","Putao","MMR001014","Puta-O","Putao",486,585,1071
"25","Kachin","Putao","AREA # 010402","Sumprabum","MMR001015","Sumprabum","Sumprabum",34,46,80
"26","Kachin","Putao","AREA # 010403","Machanbaw","MMR001016","Machanbaw","Machanbaw",141,118,259
"27","Kachin","Putao","AREA # 010451","Pannandin(ST)","MMR001017","Nawngmun","Pannandin(ST)",28,25,53
"28","Kachin","Putao","AREA # 010405","Naungmoon","MMR001017","Nawngmun","Naungmoon",31,31,62
"29","Kachin","Putao","AREA # 010404","Khaunglanphoo","MMR001018","Khaunglanhpu","Khaunglanphoo",61,51,112
"30","Kayah","Loikaw","AREA # 020101","Loikaw","MMR002001","Loikaw","Loikaw",862,853,1715
"31","Kayah","Loikaw","AREA # 020102","Dimawso","MMR002002","Demoso","Dimawso",546,623,1169
"32","Kayah","Loikaw","AREA # 020103","Phruso","MMR002003","Hpruso","Phruso",169,206,375
"33","Kayah","Loikaw","AREA # 020104","Shardaw","MMR002004","Shadaw","Shardaw",50,57,107
"34","Kayah","Bawlakhe","AREA # 020201","Bawlakhe","MMR002005","Bawlake","Bawlakhe",54,46,100
"35","Kayah","Bawlakhe","AREA # 020251","Ywathit(ST)","MMR002005","Bawlake","Ywathit(ST)",11,16,27
"36","Kayah","Bawlakhe","AREA # 020202","Parsaung","MMR002006","Hpasawng","Parsaung",57,55,112
"37","Kayah","Bawlakhe","AREA # 020203","Meisi","MMR002007","Mese","Meisi",13,10,23
"38","Kayin","Hpa-an","AREA # 030101","Hpa-an","MMR003001","Hpa-An","Hpa-an",2690,3208,5898
"39","Kayin","Hpa-an","AREA # 030151","Paingkyon(ST)","MMR003002","Hlaingbwe","Paingkyon(ST)",894,1054,1948
"40","Kayin","Hpa-an","AREA # 030152","Shan Ywathit(ST)","MMR003002","Hlaingbwe","Shan Ywathit(ST)",95,76,171
"41","Kayin","Hpa-an","AREA # 030102","Hlaingbwe","MMR003002","Hlaingbwe","Hlaingbwe",922,1090,2012
"42","Kayin","Pharpon","AREA # 030201","Pharpon","MMR003003","Hpapun","Pharpon",137,122,259
"43","Kayin","Pharpon","AREA # 030251","Kamamaung(ST}","MMR003003","Hpapun","Kamamaung(ST}",183,168,351
"44","Kayin","Hpa-an","AREA # 030154","Bawgali(ST)","MMR003004","Thandaunggyi","Bawgali(ST)",139,146,285
"45","Kayin","Hpa-an","AREA # 030153","Leiktho(ST)","MMR003004","Thandaunggyi","Leiktho(ST)",680,608,1288
"46","Kayin","Hpa-an","AREA # 030103","Thandaunggyi","MMR003004","Thandaunggyi","Thandaunggyi",193,187,380
"47","Kayin","Myawady","AREA # 030301","Myawady","MMR003005","Myawaddy","Myawady",694,576,1270
"48","Kayin","Myawady","AREA # 030352","Wawlaymyaing(ST)","MMR003005","Myawaddy","Wawlaymyaing(ST)",49,32,81
"49","Kayin","Myawady","AREA # 030351","Sugali(ST)","MMR003005","Myawaddy","Sugali(ST)",20,13,33
"50","Kayin","Kawkareik","AREA # 030401","Kawkareik","MMR003006","Kawkareik","Kawkareik",1973,2320,4293
"51","Kayin","Kawkareik","AREA # 030402","Kyarinseikkyi","MMR003007","Kyainseikgyi","Kyarinseikkyi",968,935,1903
"52","Kayin","Kawkareik","AREA # 030451","Payarthonezu(ST)","MMR003007","Kyainseikgyi","Payarthonezu(ST)",637,541,1178
"53","Kayin","Kawkareik","AREA # 030452","Kyaidon(ST)","MMR003007","Kyainseikgyi","Kyaidon(ST)",435,432,867
"54","Chin","Falam","AREA # 040251","Rihkhuadal(ST)","MMR004001","Falam","Rihkhuadal(ST)",44,51,95
"55","Chin","Falam","AREA # 040201","Falam","MMR004001","Falam","Falam",770,857,1627
"56","Chin","Haka","AREA # 040101","HaKa","MMR004002","Hakha","HaKa",438,546,984
"57","Chin","Haka","AREA # 040102","Thantlang","MMR004003","Thantlang","Thantlang",542,619,1161
"58","Chin","Falam","AREA # 040202","Tedim","MMR004004","Tedim","Tedim",999,1213,2212
"59","Chin","Falam","AREA # 040252","Cikha(ST)","MMR004005","Tonzang","Cikha(ST)",150,186,336
"60","Chin","Falam","AREA # 040203","Tonzaung","MMR004005","Tonzang","Tonzaung",152,171,323
"61","Chin","Mindat","AREA # 040301","Mindat","MMR004006","Mindat","Mindat",512,515,1027
"62","Chin","Mindat","AREA # 040351","Reazu(ST)","MMR004007","Matupi","Reazu(ST)",304,376,680
"63","Chin","Mindat","AREA # 040302","Matupi","MMR004007","Matupi","Matupi",631,733,1364
"64","Chin","Mindat","AREA # 040303","Kanpalet","MMR004008","Kanpetlet","Kanpalet",278,289,567
"65","Chin","Mindat","AREA # 040304","Paletwat","MMR004009","Paletwa","Paletwat",709,845,1554
"66","Chin","Mindat","AREA # 040352","Sami(ST)","MMR004009","Paletwa","Sami(ST)",205,240,445
"67","Sagaing","Sagaing","AREA # 050101","Sagaing","MMR005001","Sagaing","Sagaing",1115,1435,2550
"68","Sagaing","Sagaing","AREA # 050102","Myinmu","MMR005002","Myinmu","Myinmu",449,665,1114
"69","Sagaing","Sagaing","AREA # 050103","Myaung","MMR005003","Myaung","Myaung",588,767,1355
"70","Sagaing","Shwebo","AREA # 050201","Shwebo","MMR005004","Shwebo","Shwebo",968,1167,2135
"71","Sagaing","Shwebo","AREA # 050251","Kyaukmyaung(ST)","MMR005004","Shwebo","Kyaukmyaung(ST)",140,152,292
"72","Sagaing","Shwebo","AREA # 050202","Khin U","MMR005005","Khin-U","Khin U",525,674,1199
"73","Sagaing","Shwebo","AREA # 050203","Wetlet","MMR005006","Wetlet","Wetlet",857,1096,1953
"74","Sagaing","Shwebo","AREA # 050204","Kambalu","MMR005007","Kanbalu","Kambalu",1133,1344,2477
"75","Sagaing","Shwebo","AREA # 050205","Kyunhlau","MMR005008","Kyunhla","Kyunhlau",323,428,751
"76","Sagaing","Shwebo","AREA # 050206","Ye U","MMR005009","Ye-U","Ye U",578,694,1272
"77","Sagaing","Shwebo","AREA # 050207","Depayin","MMR005010","Tabayin","Depayin",747,980,1727
"78","Sagaing","Shwebo","AREA # 050208","Tasei","MMR005011","Taze","Tasei",723,996,1719
"79","Sagaing","Monywa","AREA # 050301","Monywa","MMR005012","Monywa","Monywa",1483,1869,3352
"80","Sagaing","Monywa","AREA # 050302","Butalin","MMR005013","Budalin","Butalin",542,749,1291
"81","Sagaing","Monywa","AREA # 050303","Ayartaw","MMR005014","Ayadaw","Ayartaw",755,992,1747
"82","Sagaing","Monywa","AREA # 050304","Chaung Oo","MMR005015","Chaung-U","Chaung Oo",597,736,1333
"83","Sagaing","Yinmarpin","AREA # 050901","Yinmarpin","MMR005016","Yinmarbin","Yinmarpin",526,668,1194
"84","Sagaing","Yinmarpin","AREA # 050904","Kani","MMR005017","Kani","Kani",812,976,1788
"85","Sagaing","Yinmarpin","AREA # 050902","Salingyi","MMR005018","Salingyi","Salingyi",558,702,1260
"86","Sagaing","Yinmarpin","AREA # 050903","Palae","MMR005019","Pale","Palae",666,836,1502
"87","Sagaing","Katha","AREA # 050401","Katha","MMR005020","Katha","Katha",580,643,1223
"88","Sagaing","Katha","AREA # 050402","Indaw","MMR005021","Indaw","Indaw",367,487,854
"89","Sagaing","Katha","AREA # 050403","Tigyaing","MMR005022","Tigyaing","Tigyaing",373,417,790
"90","Sagaing","Katha","AREA # 050404","Banmauk","MMR005023","Banmauk","Banmauk",395,476,871
"91","Sagaing","Katha","AREA # 050405","Kawlin","MMR005024","Kawlin","Kawlin",568,669,1237
"92","Sagaing","Katha","AREA # 050406","Wuntho","MMR005025","Wuntho","Wuntho",259,326,585
"93","Sagaing","Katha","AREA # 050407","Pinlebu","MMR005026","Pinlebu","Pinlebu",445,557,1002
"94","Sagaing","Kalay","AREA # 050501","Kalay","MMR005027","Kale","Kalay",1644,1863,3507
"95","Sagaing","Kalay","AREA # 050502","Kalewa","MMR005028","Kalewa","Kalewa",163,168,331
"96","Sagaing","Kalay","AREA # 050503","Mingin","MMR005029","Mingin","Mingin",380,413,793
"97","Sagaing","Tamu","AREA # 050601","Tamu","MMR005030","Tamu","Tamu",168,201,369
"98","Sagaing","Tamu","AREA # 050651","Myothit(ST)","MMR005030","Tamu","Myothit(ST)",78,97,175
"99","Sagaing","Tamu","AREA # 050652","Khampat(ST)","MMR005030","Tamu","Khampat(ST)",260,274,534
"100","Sagaing","Mawlaik","AREA # 050701","Mawlaik","MMR005031","Mawlaik","Mawlaik",295,340,635
"101","Sagaing","Mawlaik","AREA # 050702","Phaungpyin","MMR005032","Paungbyin","Phaungpyin",409,515,924
"102","Sagaing","Hkamti","AREA # 050801","Hkamti","MMR005033","Hkamti","Hkamti",293,239,532
"103","Sagaing","Hkamti","AREA # 050802","Homalin","MMR005034","Homalin","Homalin",684,851,1535
"104","Sagaing","Hkamti","AREA # 050803","Leshi","MMR005035","Lay Shi","Leshi",111,85,196
"105","Sagaing","Hkamti","AREA # 050851","Mobaingluk(ST)","MMR005035","Lay Shi","Mobaingluk(ST)",3,3,6
"106","Sagaing","Hkamti","AREA # 050852","Sonemara(ST)","MMR005035","Lay Shi","Sonemara(ST)",23,14,37
"107","Sagaing","Hkamti","AREA # 050804","Lahe","MMR005036","Lahe","Lahe",267,300,567
"108","Sagaing","Hkamti","AREA # 050853","Htanparkway(ST)","MMR005036","Lahe","Htanparkway(ST)",22,19,41
"109","Sagaing","Hkamti","AREA # 050805","Nanyun","MMR005037","Nanyun","Nanyun",39,33,72
"110","Sagaing","Hkamti","AREA # 050854","Pansaung(ST)","MMR005037","Nanyun","Pansaung(ST)",215,243,458
"111","Sagaing","Hkamti","AREA # 050855","Donhee(ST)","MMR005037","Nanyun","Donhee(ST)",54,67,121
"112","Tanintharyi","Dawei","AREA # 060151","Myitta(ST)","MMR006001","Dawei","Myitta(ST)",206,251,457
"113","Tanintharyi","Dawei","AREA # 060101","Dawei","MMR006001","Dawei","Dawei",767,939,1706
"114","Tanintharyi","Dawei","AREA # 060102","Lounglon","MMR006002","Launglon","Lounglon",764,922,1686
"115","Tanintharyi","Dawei","AREA # 060103","Thayetchaung","MMR006003","Thayetchaung","Thayetchaung",1214,1449,2663
"116","Tanintharyi","Dawei","AREA # 060104","Yebyu","MMR006004","Yebyu","Yebyu",520,594,1114
"117","Tanintharyi","Dawei","AREA # 060152","Kaleinaung(ST)","MMR006004","Yebyu","Kaleinaung(ST)",158,104,262
"118","Tanintharyi","Myeik","AREA # 060201","Myeik","MMR006005","Myeik","Myeik",1611,1711,3322
"119","Tanintharyi","Myeik","AREA # 060202","Kyunsu","MMR006006","Kyunsu","Kyunsu",1422,1297,2719
"120","Tanintharyi","Myeik","AREA # 060251","Palauk(ST)","MMR006007","Palaw","Palauk(ST)",420,430,850
"121","Tanintharyi","Myeik","AREA # 060203","Palaw","MMR006007","Palaw","Palaw",1027,1097,2124
"122","Tanintharyi","Myeik","AREA # 060204","Tanintharyi","MMR006008","Tanintharyi","Tanintharyi",1217,1141,2358
"123","Tanintharyi","Kawthoung","AREA # 060301","Kawthoung","MMR006009","Kawthoung","Kawthoung",437,477,914
"124","Tanintharyi","Kawthoung","AREA # 060351","Khamaukgyi","MMR006009","Kawthoung","Khamaukgyi",104,63,167
"125","Tanintharyi","Kawthoung","AREA # 060302","Bokepyin","MMR006010","Bokpyin","Bokepyin",283,249,532
"126","Tanintharyi","Kawthoung","AREA # 060353","Karathuri(ST)","MMR006010","Bokpyin","Karathuri(ST)",62,76,138
"127","Tanintharyi","Kawthoung","AREA # 060352","Pyigyimandaing","MMR006010","Bokpyin","Pyigyimandaing",130,143,273
"128","Bago","Bago","AREA # 070101","Bago","MMR007001","Bago","Bago",1722,1863,3585
"129","Bago","Bago","AREA # 070102","Tanatpin","MMR007002","Thanatpin","Tanatpin",526,507,1033
"130","Bago","Bago","AREA # 070103","Kawa","MMR007003","Kawa","Kawa",799,862,1661
"131","Bago","Bago","AREA # 070104","Waw","MMR007004","Waw","Waw",851,757,1608
"132","Bago","Bago","AREA # 070105","Nyaunglebin","MMR007005","Nyaunglebin","Nyaunglebin",803,959,1762
"133","Bago","Bago","AREA # 070106","Kyauktaga","MMR007006","Kyauktaga","Kyauktaga",924,963,1887
"134","Bago","Bago","AREA # 070107","Daik U","MMR007007","Daik-U","Daik U",613,675,1288
"135","Bago","Bago","AREA # 070108","Shwegyin","MMR007008","Shwegyin","Shwegyin",685,698,1383
"136","Bago","Toungoo","AREA # 070201","Toungoo","MMR007009","Taungoo","Toungoo",1184,1242,2426
"137","Bago","Toungoo","AREA # 070202","Yaedashe","MMR007010","Yedashe","Yaedashe",1001,977,1978
"138","Bago","Toungoo","AREA # 070203","Kyaukkyi","MMR007011","Kyaukkyi","Kyaukkyi",742,755,1497
"139","Bago","Toungoo","AREA # 070204","Pyu","MMR007012","Phyu","Pyu",1383,1551,2934
"140","Bago","Toungoo","AREA # 070205","Oatwin","MMR007013","Oktwin","Oatwin",925,1109,2034
"141","Bago","Toungoo","AREA # 070206","Htantapin","MMR007014","Htantabin","Htantapin",573,638,1211
"142","Bago","Pyay","AREA # 070301","Pyay","MMR008001","Pyay","Pyay",994,1052,2046
"143","Bago","Pyay","AREA # 070302","Paukkhaung","MMR008002","Paukkhaung","Paukkhaung",658,711,1369
"144","Bago","Pyay","AREA # 070303","Padaung","MMR008003","Padaung","Padaung",806,897,1703
"145","Bago","Pyay","AREA # 070304","Paunde","MMR008004","Paungde","Paunde",789,965,1754
"146","Bago","Pyay","AREA # 070305","Thegon","MMR008005","Thegon","Thegon",689,910,1599
"147","Bago","Pyay","AREA # 070306","Shwedaung","MMR008006","Shwedaung","Shwedaung",664,735,1399
"148","Bago","Tharyarwaddy","AREA # 070401","Tharyarwaddy","MMR008007","Thayarwady","Tharyarwaddy",916,1013,1929
"149","Bago","Tharyarwaddy","AREA # 070402","Letpadan","MMR008008","Letpadan","Letpadan",862,983,1845
"150","Bago","Tharyarwaddy","AREA # 070403","Minhla","MMR008009","Minhla","Minhla",616,680,1296
"151","Bago","Tharyarwaddy","AREA # 070404","Okpo","MMR008010","Okpho","Okpo",643,663,1306
"152","Bago","Tharyarwaddy","AREA # 070405","Zigon","MMR008011","Zigon","Zigon",328,395,723
"153","Bago","Tharyarwaddy","AREA # 070406","Nattalin","MMR008012","Nattalin","Nattalin",804,884,1688
"154","Bago","Tharyarwaddy","AREA # 070407","Monyo","MMR008013","Monyo","Monyo",520,640,1160
"155","Bago","Tharyarwaddy","AREA # 070408","Gyobingauk","MMR008014","Gyobingauk","Gyobingauk",648,787,1435
"156","Magway","Magway","AREA # 080101","Magway","MMR009001","Magway","Magway",1150,1346,2496
"157","Magway","Magway","AREA # 080102","Yenangyoung","MMR009002","Yenangyaung","Yenangyoung",687,954,1641
"158","Magway","Magway","AREA # 080103","Chauk","MMR009003","Chauk","Chauk",841,1007,1848
"159","Magway","Magway","AREA # 080104","Taungdwingyi","MMR009004","Taungdwingyi","Taungdwingyi",1371,1623,2994
"160","Magway","Magway","AREA # 080105","Myothit","MMR009005","Myothit","Myothit",820,1106,1926
"161","Magway","Magway","AREA # 080106","Natmauk","MMR009006","Natmauk","Natmauk",966,1211,2177
"162","Magway","Minbu","AREA # 080201","Minbu","MMR009007","Minbu","Minbu",979,1288,2267
"163","Magway","Minbu","AREA # 080202","Pwint Phyu","MMR009008","Pwintbyu","Pwint Phyu",824,1073,1897
"164","Magway","Minbu","AREA # 080203","Ngape","MMR009009","Ngape","Ngape",181,197,378
"165","Magway","Minbu","AREA # 080204","Salin","MMR009010","Salin","Salin",1230,1573,2803
"166","Magway","Minbu","AREA # 080205","Saytottara","MMR009011","Sidoktaya","Saytottara",312,383,695
"167","Magway","Thayet","AREA # 080301","Thayet","MMR009012","Thayet","Thayet",596,710,1306
"168","Magway","Thayet","AREA # 080302","Minhla","MMR009013","Minhla","Minhla",529,692,1221
"169","Magway","Thayet","AREA # 080303","Mindon","MMR009014","Mindon","Mindon",403,480,883
"170","Magway","Thayet","AREA # 080304","Kamma","MMR009015","Kamma","Kamma",732,887,1619
"171","Magway","Thayet","AREA # 080305","Aunglan","MMR009016","Aunglan","Aunglan",1625,1951,3576
"172","Magway","Thayet","AREA # 080306","Sinpaungwe`","MMR009017","Sinbaungwe","Sinpaungwe`",828,1083,1911
"173","Magway","Pakokku","AREA # 080401","Pakokku","MMR009018","Pakokku","Pakokku",1651,2119,3770
"174","Magway","Pakokku","AREA # 080402","Yesagyo","MMR009019","Yesagyo","Yesagyo",1271,1722,2993
"175","Magway","Pakokku","AREA # 080403","Myaing","MMR009020","Myaing","Myaing",1557,2069,3626
"176","Magway","Pakokku","AREA # 080404","Pauk","MMR009021","Pauk","Pauk",1511,1930,3441
"177","Magway","Pakokku","AREA # 080405","Seikphyu","MMR009022","Seikphyu","Seikphyu",589,750,1339
"178","Magway","Gangaw","AREA # 080501","Gangaw","MMR009023","Gangaw","Gangaw",825,900,1725
"179","Magway","Gangaw","AREA # 080502","Htilin","MMR009024","Tilin","Htilin",357,427,784
"180","Magway","Gangaw","AREA # 080503","Saw","MMR009025","Saw","Saw",310,379,689
"181","Magway","Gangaw","AREA # 080551","Kyaukhtu(ST)","MMR009025","Saw","Kyaukhtu(ST)",282,317,599
"182","Mandalay","Mandalay","AREA # 090101","Aungmyetharzan","MMR010001","Aungmyaythazan","Aungmyetharzan",866,941,1807
"183","Mandalay","Mandalay","AREA # 090102","Chanayeharzan","MMR010002","Chanayethazan","Chanayeharzan",490,549,1039
"184","Mandalay","Mandalay","AREA # 090103","Mahaaungmye","MMR010003","Mahaaungmyay","Mahaaungmye",586,616,1202
"185","Mandalay","Mandalay","AREA # 090104","Chanmyatharzi","MMR010004","Chanmyathazi","Chanmyatharzi",780,892,1672
"186","Mandalay","Mandalay","AREA # 090105","Pyigyidagun","MMR010005","Pyigyitagon","Pyigyidagun",538,557,1095
"187","Mandalay","Mandalay","AREA # 090106","Amarapura","MMR010006","Amarapura","Amarapura",704,875,1579
"188","Mandalay","Mandalay","AREA # 090107","Patheingyi","MMR010007","Patheingyi","Patheingyi",859,982,1841
"189","Mandalay","Pyin Oo Lwin","AREA # 090201","Pyin Oo Lwin","MMR010008","Pyinoolwin","Pyin Oo Lwin",750,625,1375
"190","Mandalay","Pyin Oo Lwin","AREA # 090202","Madaya","MMR010009","Madaya","Madaya",916,1106,2022
"191","Mandalay","Pyin Oo Lwin","AREA # 090203","Sinku","MMR010010","Singu","Sinku",776,857,1633
"192","Mandalay","Pyin Oo Lwin","AREA # 090204","Mogok","MMR010011","Mogoke","Mogok",610,553,1163
"193","Mandalay","Pyin Oo Lwin","AREA # 090205","Thabeikkyin","MMR010012","Thabeikkyin","Thabeikkyin",246,276,522
"194","Mandalay","Pyin Oo Lwin","AREA # 090251","Tagaung","MMR010012","Thabeikkyin","Tagaung",94,100,194
"195","Mandalay","Kyaukse","AREA # 090301","Kyaukse","MMR010013","Kyaukse","Kyaukse",685,810,1495
"196","Mandalay","Kyaukse","AREA # 090302","Singaing","MMR010014","Sintgaing","Singaing",391,478,869
"197","Mandalay","Kyaukse","AREA # 090303","Myitthar","MMR010015","Myittha","Myitthar",700,792,1492
"198","Mandalay","Kyaukse","AREA # 090304","Tada U","MMR010016","Tada-U","Tada U",474,643,1117
"199","Mandalay","Myingyan","AREA # 090401","Myingyan","MMR010017","Myingyan","Myingyan",1590,2086,3676
"200","Mandalay","Myingyan","AREA # 090402","Taungtha","MMR010018","Taungtha","Taungtha",1127,1340,2467
"201","Mandalay","Myingyan","AREA # 090403","Natogyi","MMR010019","Natogyi","Natogyi",1026,1343,2369
"202","Mandalay","Nyaung U","AREA # 090404","Kyaukpadaung","MMR010020","Kyaukpadaung","Kyaukpadaung",720,881,1601
"203","Mandalay","Myingyan","AREA # 090405","Ngazun","MMR010021","Ngazun","Ngazun",710,1047,1757
"204","Mandalay","Nyaung U","AREA # 090501","Nyaung U","MMR010022","Nyaung-U","Nyaung U",1023,1344,2367
"205","Mandalay","Nyaung U","AREA # 090551","Ngathayauk","MMR010022","Nyaung-U","Ngat",321,391,712
"206","Mandalay","Yame`thin","AREA # 090601","Yame`thin","MMR010023","Yamethin","Yame`thin",1608,1932,3540
"207","Mandalay","Yame`thin","AREA # 090602","Pyawbwe","MMR010024","Pyawbwe","Pyawbwe",1429,1781,3210
"208","Mandalay","Meiktila","AREA # 090701","Meiktila","MMR010028","Meiktila","Meiktila",1249,1446,2695
"209","Mandalay","Meiktila","AREA # 090702","Mahlaing","MMR010029","Mahlaing","MahlYaing",734,1013,1747
"210","Mandalay","Meiktila","AREA # 090703","Thazi","MMR010030","Thazi","Thazi",825,1008,1833
"211","Mandalay","Meiktila","AREA # 090704","Wundwin","MMR010031","Wundwin","Wundwin",953,1172,2125
"212","Mon","Mawlamyine","AREA # 100101","Mawlamyine","MMR011001","Mawlamyine","Mawlamyine",1160,1324,2484
"213","Mon","Mawlamyine","AREA # 100102","Kyaikemaraw","MMR011002","Kyaikmaraw","Kyaikemaraw",1207,1327,2534
"214","Mon","Mawlamyine","AREA # 100103","Chaungzon","MMR011003","Chaungzon","Chaungzon",765,916,1681
"215","Mon","Mawlamyine","AREA # 100104","Thanbyuzayat","MMR011004","Thanbyuzayat","Thanbyuzayat",1076,1121,2197
"216","Mon","Mawlamyine","AREA # 100105","Mudon","MMR011005","Mudon","Mudon",901,898,1799
"217","Mon","Mawlamyine","AREA # 100106","Ye","MMR011006","Ye","Ye",1134,1219,2353
"218","Mon","Mawlamyine","AREA # 100152","Khawzar","MMR011006","Ye","Khawzar",116,118,234
"219","Mon","Mawlamyine","AREA # 100151","Lamine","MMR011006","Ye","Lamine",707,724,1431
"220","Mon","Thaton","AREA # 100201","Thaton","MMR011007","Thaton","Thaton",1283,1330,2613
"221","Mon","Thaton","AREA # 100202","Paung","MMR011008","Paung","Paung",1265,1211,2476
"222","Mon","Thaton","AREA # 100203","Kyaikto","MMR011009","Kyaikto","Kyaikto",1309,1253,2562
"223","Mon","Thaton","AREA # 100204","Bilin","MMR011010","Bilin","Bilin",1465,1612,3077
"224","Rakhine","Sittway","AREA # 110101","Sittway","MMR012001","Sittwe","Sittway",552,599,1151
"225","Rakhine","Sittway","AREA # 110102","Ponnagyun","MMR012002","Ponnagyun","Ponnagyun",505,566,1071
"226","Rakhine","Myauk U","AREA # 110201","Myauk U","MMR012003","Mrauk-U","Myauk U",1637,2015,3652
"227","Rakhine","Myauk U","AREA # 110202","Kyauktaw","MMR012004","Kyauktaw","Kyauktaw",1229,1431,2660
"228","Rakhine","Myauk U","AREA # 110203","Minbya","MMR012005","Minbya","Minbya",1309,1483,2792
"229","Rakhine","Myauk U","AREA # 110204","Myebon","MMR012006","Myebon","Myebon",1113,1350,2463
"230","Rakhine","Sittway","AREA # 110103","Pauktaw","MMR012007","Pauktaw","Pauktaw",518,549,1067
"231","Rakhine","Sittway","AREA # 110104","Yethedaung","MMR012008","Rathedaung","Yethedaung",1259,1707,2966
"232","Rakhine","Maungtaw","AREA # 110351","Taungpyoletwe(ST)","MMR012009","Maungdaw","Taungpyoletwe(ST)",8,13,21
"233","Rakhine","Maungtaw","AREA # 110301","Maungtaw","MMR012009","Maungdaw","Maungtaw",295,332,627
"234","Rakhine","Maungtaw","AREA # 110302","Buthidaung","MMR012010","Buthidaung","Buthidaung",466,458,924
"235","Rakhine","Kyaukpyu","AREA # 110401","Kyaukpyu","MMR012011","Kyaukpyu","Kyaukpyu",1210,1450,2660
"236","Rakhine","Kyaukpyu","AREA # 110402","Mannaung","MMR012012","Munaung","Mannaung",771,1011,1782
"237","Rakhine","Kyaukpyu","AREA # 110403","Yanbye","MMR012013","Ramree","Yanbye",656,858,1514
"238","Rakhine","Kyaukpyu","AREA # 110404","An","MMR012014","Ann","An",929,1095,2024
"239","Rakhine","Thandwe","AREA # 110501","Thandwe","MMR012015","Thandwe","Thandwe",652,709,1361
"240","Rakhine","Thandwe","AREA # 110551","Maei(ST)","MMR012016","Toungup","Maei(ST)",285,297,582
"241","Rakhine","Thandwe","AREA # 110502","Toungup","MMR012016","Toungup","Toungup",661,675,1336
"242","Rakhine","Thandwe","AREA # 110503","Gwa","MMR012017","Gwa","Gwa",275,272,547
"243","Rakhine","Thandwe","AREA # 110552","Kyeintali(ST)","MMR012017","Gwa","Kyeintali(ST)",227,277,504
"244","Yangon","North Yangon","AREA # 120101","Insein","MMR013001","Insein","Insein",1142,1077,2219
"245","Yangon","North Yangon","AREA # 120102","Mingaladon","MMR013002","Mingaladon","Mingaladon",1434,1301,2735
"246","Yangon","North Yangon","AREA # 120103","Hmawby","MMR013003","Hmawbi","Hmawby",1262,1147,2409
"247","Yangon","North Yangon","AREA # 120104","Hlegu","MMR013004","Hlegu","Hlegu",1274,1176,2450
"248","Yangon","North Yangon","AREA # 120105","Taikkyi","MMR013005","Taikkyi","Taikkyi",1162,1354,2516
"249","Yangon","North Yangon","AREA # 120106","Htantabin","MMR013006","Htantabin","Htantabin",557,603,1160
"250","Yangon","North Yangon","AREA # 120107","Shwepyitha","MMR013007","Shwepyithar","Shwepyitha",979,1035,2014
"251","Yangon","North Yangon","AREA # 120108","Hlinethaya","MMR013008","Hlaingtharya","Hlinethaya",2079,2156,4235
"252","Yangon","East Yangon","AREA # 120201","Thingangyun","MMR013009","Thingangyun","Thingangyun",662,768,1430
"253","Yangon","East Yangon","AREA # 120202","Yankin","MMR013010","Yankin","Yankin",262,321,583
"254","Yangon","East Yangon","AREA # 120203","South Okkalapa","MMR013011","South Okkalapa","South Okkalapa",549,654,1203
"255","Yangon","East Yangon","AREA # 120204","North Okkalapa","MMR013012","North Okkalapa","North Okkalapa",1285,1313,2598
"256","Yangon","East Yangon","AREA # 120205","Thakayta","MMR013013","Thaketa","Thakayta",973,1133,2106
"257","Yangon","East Yangon","AREA # 120206","Dawbon","MMR013014","Dawbon","Dawbon",302,330,632
"258","Yangon","East Yangon","AREA # 120207","Tamway","MMR013015","Tamwe","Tamway",523,713,1236
"259","Yangon","East Yangon","AREA # 120208","Pazuntaung","MMR013016","Pazundaung","Pazuntaung",203,269,472
"260","Yangon","East Yangon","AREA # 120209","Botahtaung","MMR013017","Botahtaung","Botahtaung",192,227,419
"261","Yangon","East Yangon","AREA # 120210","Dagon Myothit(South)","MMR013018","Dagon Myothit (South)","Dagon Myothit(South)",1440,1571,3011
"262","Yangon","East Yangon","AREA # 120211","Dagon Myothit(North)","MMR013019","Dagon Myothit (North)","Dagon Myothit(North)",840,889,1729
"263","Yangon","East Yangon","AREA # 120212","Dagon Myothit(East)","MMR013020","Dagon Myothit (East)","Dagon Myothit(East)",887,948,1835
"264","Yangon","East Yangon","AREA # 120213","Dagon Myothit(Seik)","MMR013021","Dagon Myothit (Seikkan)","Dagon Myothit(Seik)",642,620,1262
"265","Yangon","East Yangon","AREA # 120214","Mingala Taungnyunt","MMR013022","Mingalartaungnyunt","Mingala Taungnyunt",587,771,1358
"266","Yangon","South Yangon","AREA # 120301","Thanlyin","MMR013023","Thanlyin","Thanlyin",979,1056,2035
"267","Yangon","South Yangon","AREA # 120351","Tada(ST)","MMR013024","Kyauktan","Tada(ST)",152,151,303
"268","Yangon","South Yangon","AREA # 120302","Kyauktan","MMR013024","Kyauktan","Kyauktan",510,466,976
"269","Yangon","South Yangon","AREA # 120303","Thongwa","MMR013025","Thongwa","Thongwa",648,748,1396
"270","Yangon","South Yangon","AREA # 120304","Khayan","MMR013026","Kayan","Khayan",661,701,1362
"271","Yangon","South Yangon","AREA # 120305","Twantay","MMR013027","Twantay","Twantay",1011,995,2006
"272","Yangon","South Yangon","AREA # 120306","Kawhmu","MMR013028","Kawhmu","Kawhmu",695,749,1444
"273","Yangon","South Yangon","AREA # 120307","Kungyangon","MMR013029","Kungyangon","Kungyangon",732,753,1485
"274","Yangon","South Yangon","AREA # 120308","Dala","MMR013030","Dala","Dala",798,813,1611
"275","Yangon","South Yangon","AREA # 120309","Seikkyi/Khanaungto","MMR013031","Seikgyikanaungto","Seikkyi/Khanaungto",160,186,346
"276","Yangon","South Yangon","AREA # 120310","Cocogyun","MMR013032","Cocokyun","Cocogyun",5,4,9
"277","Yangon","West Yangon","AREA # 120401","Kyauktada","MMR013033","Kyauktada","Kyauktada",147,212,359
"278","Yangon","West Yangon","AREA # 120402","Pabedan","MMR013034","Pabedan","Pabedan",162,227,389
"279","Yangon","West Yangon","AREA # 120403","Lanmadaw","MMR013035","Lanmadaw","Lanmadaw",260,209,469
"280","Yangon","West Yangon","AREA # 120404","Latha","MMR013036","Latha","Latha",170,196,366
"281","Yangon","West Yangon","AREA # 120405","Ahlon","MMR013037","Ahlone","Ahlon",152,233,385
"282","Yangon","West Yangon","AREA # 120406","Kyimyindine","MMR013038","Kyeemyindaing","Kyimyindine",459,577,1036
"283","Yangon","West Yangon","AREA # 120407","Sangyoung","MMR013039","Sanchaung","Sangyoung",266,346,612
"284","Yangon","West Yangon","AREA # 120408","Hline","MMR013040","Hlaing","Hline",510,582,1092
"285","Yangon","West Yangon","AREA # 120409","Kamayut","MMR013041","Kamaryut","Kamayut",208,221,429
"286","Yangon","West Yangon","AREA # 120410","Mayangon","MMR013042","Mayangone","Mayangon",788,869,1657
"287","Yangon","West Yangon","AREA # 120411","Dagon","MMR013043","Dagon","Dagon",77,122,199
"288","Yangon","West Yangon","AREA # 120412","Bahan","MMR013044","Bahan","Bahan",314,381,695
"289","Yangon","West Yangon","AREA # 120413","Seikkan","MMR013045","Seikkan","Seikkan",9,7,16
"290","Shan","Taunggyi","AREA # 130151","Kyauktalongyi(ST)","MMR014001","Taunggyi","Kyauktalongyi(ST)",345,375,720
"291","Shan","Taunggyi","AREA # 130101","Taunggyi","MMR014001","Taunggyi","Taunggyi",1595,1613,3208
"292","Shan","Taunggyi","AREA # 130102","Nyaungshwe","MMR014002","Nyaungshwe","Nyaungshwe",935,954,1889
"293","Shan","Taunggyi","AREA # 130103","Hopon","MMR014003","Hopong","Hopon",427,444,871
"294","Shan","Taunggyi","AREA # 130104","Hsihseng","MMR014004","Hsihseng","Hsihseng",741,729,1470
"295","Shan","Taunggyi","AREA # 130105","Kalaw","MMR014005","Kalaw","Kalaw",655,677,1332
"296","Shan","Taunggyi","AREA # 130106","Pindaya","MMR014006","Pindaya","Pindaya",330,376,706
"297","Shan","Taunggyi","AREA # 130107","Ywarngan","MMR014007","Ywangan","Ywarngan",393,321,714
"298","Shan","Taunggyi","AREA # 130152","Indaw(ST)","MMR014008","Lawksawk","Indaw(ST)",282,258,540
"299","Shan","Taunggyi","AREA # 130108","Yatsauk","MMR014008","Lawksawk","Yatsauk",686,637,1323
"300","Shan","Taunggyi","AREA # 130153","Naungtayar(ST)","MMR014009","Pinlaung","Naungtayar(ST)",400,483,883
"301","Shan","Taunggyi","AREA # 130109","Pinlaung","MMR014009","Pinlaung","Pinlaung",691,719,1410
"302","Shan","Taunggyi","AREA # 130110","Phekon","MMR014010","Pekon","Phekon",473,400,873
"303","Shan","Loilin","AREA # 130251","Panglong(ST)","MMR014011","Loilen","Panglong(ST)",352,382,734
"304","Shan","Loilin","AREA # 130201","Loilem","MMR014011","Loilen","Loilem",178,195,373
"305","Shan","Loilin","AREA # 130202","Le`char","MMR014012","Laihka","Le`char",268,258,526
"306","Shan","Loilin","AREA # 130252","Kholan(ST)","MMR014013","Nansang","Kholan(ST)",158,112,270
"307","Shan","Loilin","AREA # 130203","Nanhsam(South)","MMR014013","Nansang","Nanhsam(South)",259,211,470
"308","Shan","Loilin","AREA # 130253","Karli(ST)","MMR014014","Kunhing","Karli(ST)",106,97,203
"309","Shan","Loilin","AREA # 130204","Kunhing","MMR014014","Kunhing","Kunhing",118,110,228
"310","Shan","Loilin","AREA # 130254","Minenaung(ST)","MMR014015","Kyethi","Minenaung(ST)",161,169,330
"311","Shan","Loilin","AREA # 130205","Kehsi","MMR014015","Kyethi","Kehsi",230,217,447
"312","Shan","Loilin","AREA # 130206","Mongkai","MMR014016","Mongkaing","Mongkai",402,402,804
"313","Shan","Loilin","AREA # 130255","Minesan(Monsan)(ST)","MMR014017","Monghsu","Minesan(Monsan)(ST)",94,113,207
"314","Shan","Loilin","AREA # 130207","Mineshu","MMR014017","Monghsu","Mineshu",333,353,686
"315","Shan","Linkhe`","AREA # 130351","Homane(ST)","MMR014018","Langkho","Homane(ST)",48,31,79
"316","Shan","Linkhe`","AREA # 130301","Linkhe`","MMR014018","Langkho","Linkhe`",322,294,616
"317","Shan","Linkhe`","AREA # 130302","Mone`","MMR014019","Mongnai","Mone`",184,206,390
"318","Shan","Linkhe`","AREA # 130352","Kengtaung(ST)","MMR014019","Mongnai","Kengtaung(ST)",87,71,158
"319","Shan","Linkhe`","AREA # 130303","Maukme`","MMR014020","Mawkmai","Maukme`",260,236,496
"320","Shan","Linkhe`","AREA # 130304","Minepan","MMR014021","Mongpan","Minepan",170,112,282
"321","Shan","Lashio","AREA # 130401","Lashio","MMR015001","Lashio","Lashio",1012,1051,2063
"322","Shan","Lashio","AREA # 130402","Theinni","MMR015002","Hseni","Theinni",171,172,343
"323","Shan","Lashio","AREA # 130403","Mineye`","MMR015003","Mongyai","Mineye`",287,280,567
"324","Shan","Lashio","AREA # 130404","Tantyan","MMR015004","Tangyan","Tantyan",570,556,1126
"325","Shan","Makman","AREA # 131051","ManKan(ST)","MMR015005","Pangsang","ManKan(ST)",5,2,7
"326","Shan","Makman","AREA # 131002","Pan San(Pan Kham)","MMR015005","Pangsang","Pan San(Pan Kham)",543,563,1106
"327","Shan","Makman","AREA # 131003","Naphang","MMR015006","Narphan","Naphang",954,990,1944
"328","Shan","Hopan","AREA # 130903","Panwine","MMR015007","Pangwaun","Panwine",1932,1898,3830
"329","Shan","Hopan","AREA # 130902","Minemaw","MMR015008","Mongmao","Minemaw",283,256,539
"330","Shan","Muse","AREA # 130553","Pansai(KyuKute)(ST)","MMR015009","Muse","Pansai(KyuKute)(ST)",52,42,94
"331","Shan","Muse","AREA # 130501","MuSe","MMR015009","Muse","MuSe",231,211,442
"332","Shan","Muse","AREA # 130552","Manhero(ST)","MMR015009","Muse","Manhero(ST)",10,9,19
"333","Shan","Muse","AREA # 130551","Monekoe(ST)","MMR015009","Muse","Monekoe(ST)",87,66,153
"334","Shan","Muse","AREA # 130502","Namkham","MMR015010","Namhkan","Namkham",412,455,867
"335","Shan","Muse","AREA # 130554","Tamoenye(ST)","MMR015011","Kutkai","Tamoenye(ST)",372,328,700
"336","Shan","Muse","AREA # 130503","Kukai","MMR015011","Kutkai","Kukai",331,362,693
"337","Shan","Kyukme","AREA # 130601","Kyukme","MMR015012","Kyaukme","Kyukme",482,639,1121
"338","Shan","Kyukme","AREA # 130651","Minengaw(ST)","MMR015012","Kyaukme","Minengaw(ST)",92,120,212
"339","Shan","Kyukme","AREA # 130652","Minelon(ST)","MMR015012","Kyaukme","Minelon(ST)",97,115,212
"340","Shan","Kyukme","AREA # 130602","Naungkhio","MMR015013","Nawnghkio","Naungkhio",692,767,1459
"341","Shan","Kyukme","AREA # 130603","Hsipaw","MMR015014","Hsipaw","Hsipaw",617,636,1253
"342","Shan","Kyukme","AREA # 130604","Namtu","MMR015015","Namtu","Namtu",296,291,587
"343","Shan","Kyukme","AREA # 130605","Namsan(North)","MMR015016","Namhsan","Namsan(North)",464,451,915
"344","Shan","Minesat","AREA # 130606","Momeik","MMR015017","Mongmit","Momeik",308,414,722
"345","Shan","Minesat","AREA # 130607","Mabane","MMR015018","Mabein","Mabane",207,288,495
"346","Shan","Kyukme","AREA # 130608","Manton","MMR015019","Manton","Manton",295,322,617
"347","Shan","Lashio","AREA # 130701","Kunlon","MMR015020","Kunlong","Kunlon",477,332,809
"348","Shan","Hopan","AREA # 130901","Hopan","MMR015021","Hopang","Hopan",199,193,392
"349","Shan","Hopan","AREA # 130952","Panlon(ST)","MMR015021","Hopang","Panlon(ST)",53,69,122
"350","Shan","Laukine","AREA # 130851","Chinshwehaw(ST)","MMR015022","Laukkaing","Chinshwehaw(ST)",33,46,79
"351","Shan","Laukine","AREA # 130801","Laukine","MMR015022","Laukkaing","Laukine",573,570,1143
"352","Shan","Laukine","AREA # 130802","Kongyan","MMR015023","Konkyan","Kongyan",212,270,482
"353","Shan","Laukine","AREA # 130852","Mawhtike(ST)","MMR015023","Konkyan","Mawhtike(ST)",184,188,372
"354","Shan","Makman","AREA # 131001","Makman","MMR015024","Matman","Makman",83,97,180
"355","Shan","Kengtung","AREA # 131101","Kengtung","MMR016001","Kengtung","Kengtung",595,625,1220
"356","Shan","Kengtung","AREA # 131102","Minekat","MMR016002","Mongkhet","Minekat",173,166,339
"357","Shan","Kengtung","AREA # 131151","Mine Pauk(ST)","MMR016003","Mongyang","Mine Pauk(ST)",233,215,448
"358","Shan","Kengtung","AREA # 131103","Mineyan","MMR016003","Mongyang","Mineyan",211,207,418
"359","Shan","Kengtung","AREA # 131104","Minelar","MMR016005","Mongla","Minelar",72,60,132
"360","Shan","Minephyat","AREA # 131201","Minesat","MMR016006","Monghsat","Minesat",590,492,1082
"361","Shan","Minephyat","AREA # 131251","Minekoke(ST)","MMR016006","Monghsat","Minekoke(ST)",77,74,151
"362","Shan","Kengtung","AREA # 131202","Minepyin","MMR016007","Mongping","Minepyin",242,228,470
"363","Shan","Kengtung","AREA # 131252","Tontar(ST)","MMR016007","Mongping","Tontar(ST)",33,27,60
"364","Shan","Minephyat","AREA # 131253","Ponparkyin(ST)","MMR016008","Mongton","Ponparkyin(ST)",405,334,739
"365","Shan","Minephyat","AREA # 131203","Minetung","MMR016008","Mongton","Minetung",109,83,192
"366","Shan","Minephyat","AREA # 131254","Monehta(ST)","MMR016008","Mongton","Monehta(ST)",67,41,108
"367","Shan","Tachileik","AREA # 131351","Talay(ST)","MMR016009","Tachileik","Talay(ST)",129,153,282
"368","Shan","Tachileik","AREA # 131301","Tachileik","MMR016009","Tachileik","Tachileik",346,329,675
"369","Shan","Tachileik","AREA # 131352","Kenglat(ST)","MMR016009","Tachileik","Kenglat(ST)",35,28,63
"370","Shan","Tachileik","AREA # 131401","Minephyat","MMR016010","Monghpyak","Minephyat",143,143,286
"371","Shan","Tachileik","AREA # 131451","Mineyu(ST)","MMR016011","Mongyawng","Mineyu(ST)",569,512,1081
"372","Shan","Tachileik","AREA # 131402","Mineyaung","MMR016011","Mongyawng","Mineyaung",233,221,454
"373","Ayeyawady","Pathein","AREA # 140105","Pathein","MMR017001","Pathein","Pathein",2136,2303,4439
"374","Ayeyawady","Pathein","AREA # 140154","Ngwehsaung(ST)","MMR017001","Pathein","Ngwehsaung(ST)",331,378,709
"375","Ayeyawady","Pathein","AREA # 140153","Shwethaungyan(ST)","MMR017001","Pathein","Shwethaungyan(ST)",441,494,935
"376","Ayeyawady","Pathein","AREA # 140101","Kangyidaunt","MMR017002","Kangyidaunt","Kangyidaunt",930,970,1900
"377","Ayeyawady","Pathein","AREA # 140107","Thapaung","MMR017003","Thabaung","Thapaung",985,1041,2026
"378","Ayeyawady","Pathein","AREA # 140152","Hainggyikyun(ST)","MMR017004","Ngapudaw","Hainggyikyun(ST)",871,858,1729
"379","Ayeyawady","Pathein","AREA # 140151","Ngayokaung(ST)","MMR017004","Ngapudaw","Ngayokaung(ST)",260,261,521
"380","Ayeyawady","Pathein","AREA # 140104","Ngaputaw","MMR017004","Ngapudaw","Ngaputaw",870,999,1869
"381","Ayeyawady","Pathein","AREA # 140103","Kyonpyaw","MMR017005","Kyonpyaw","Kyonpyaw",2239,2461,4700
"382","Ayeyawady","Pathein","AREA # 140106","Yekyi","MMR017006","Yegyi","Yekyi",871,923,1794
"383","Ayeyawady","Pathein","AREA # 140155","Ngathaingchaung(ST)","MMR017006","Yegyi","Ngathaingchaung(ST)",581,623,1204
"384","Ayeyawady","Pathein","AREA # 140102","Kyaungon","MMR017007","Kyaunggon","Kyaungon",1280,1454,2734
"385","Ayeyawady","Hinthada","AREA # 140605","Hinthada","MMR017008","Hinthada","Hinthada",2998,3425,6423
"386","Ayeyawady","Hinthada","AREA # 140602","Zalun","MMR017009","Zalun","Zalun",1472,1784,3256
"387","Ayeyawady","Hinthada","AREA # 140604","Laymyethna","MMR017010","Lemyethna","Laymyethna",654,699,1353
"388","Ayeyawady","Hinthada","AREA # 140603","Myanaung","MMR017011","Myanaung","Myanaung",1700,1947,3647
"389","Ayeyawady","Hinthada","AREA # 140601","Kyangin","MMR017012","Kyangin","Kyangin",622,651,1273
"390","Ayeyawady","Hinthada","AREA # 140606","Ingapu","MMR017013","Ingapu","Ingapu",2395,2691,5086
"391","Ayeyawady","Myaungmya","AREA # 140401","Myaungmya","MMR017014","Myaungmya","Myaungmya",2290,2478,4768
"392","Ayeyawady","Myaungmya","AREA # 140403","Einme","MMR017015","Einme","Einme",1005,1186,2191
"393","Ayeyawady","Laputta","AREA # 140551","Pyinsalu(ST)","MMR017016","Labutta","Pyinsalu(ST)",610,532,1142
"394","Ayeyawady","Laputta","AREA # 140502","Labutta","MMR017016","Labutta","Labutta",1695,1709,3404
"395","Ayeyawady","Myaungmya","AREA # 140402","Wakema","MMR017017","Wakema","Wakema",2346,2667,5013
"396","Ayeyawady","Laputta","AREA # 140501","Mawlamyinegyun","MMR017018","Mawlamyinegyun","Mawlamyinegyun",4780,5025,9805
"397","Ayeyawady","Maubin","AREA # 140304","Maubin","MMR017019","Maubin","Maubin",1688,1829,3517
"398","Ayeyawady","Maubin","AREA # 140303","Pantanaw","MMR017020","Pantanaw","Pantanaw",2144,2302,4446
"399","Ayeyawady","Maubin","AREA # 140301","Nyaungdon","MMR017021","Nyaungdon","Nyaungdon",1530,1779,3309
"400","Ayeyawady","Maubin","AREA # 140302","Danubyu","MMR017022","Danubyu","Danubyu",1087,1370,2457
"401","Ayeyawady","Phyapon","AREA # 140203","Phyapon","MMR017023","Pyapon","Phyapon",1439,1378,2817
"402","Ayeyawady","Phyapon","AREA # 140251","Ahmar(ST)","MMR017023","Pyapon","Ahmar(ST)",1328,1337,2665
"403","Ayeyawady","Phyapon","AREA # 140204","Bogale","MMR017024","Bogale","Bogale",3244,3437,6681
"404","Ayeyawady","Phyapon","AREA # 140201","Kyaiklatt","MMR017025","Kyaiklat","Kyaiklatt",1123,1156,2279
"405","Ayeyawady","Phyapon","AREA # 140202","Daydaye","MMR017026","Dedaye","Daydaye",983,994,1977
"406","Nay Pyi Taw","Ottara(North)","AREA # 150102","Zeyarthiri","MMR018001","Zay Yar Thi Ri","Zeyarthiri",258,297,555
"407","Nay Pyi Taw","Dekkhina(South)","AREA # 150203","Zabuthiri","MMR018002","Za Bu Thi Ri","Zabuthiri",241,267,508
"408","Nay Pyi Taw","Ottara(North)","AREA # 150101","Tatkon","MMR018003","Tatkon","Tatkon",671,753,1424
"409","Nay Pyi Taw","Dekkhina(South)","AREA # 150204","Dekkhinathiri","MMR018004","Det Khi Na Thi Ri","Dekkhinathiri",69,95,164
"410","Nay Pyi Taw","Ottara(North)","AREA # 150104","Pobbathiri","MMR018005","Poke Ba Thi Ri","Pobbathiri",444,562,1006
"411","Nay Pyi Taw","Dekkhina(South)","AREA # 150201","Pyinmana","MMR018006","Pyinmana","Pyinmana",926,1138,2064
"412","Nay Pyi Taw","Dekkhina(South)","AREA # 150202","Lewe","MMR018007","Lewe","Lewe",1082,1200,2282
"413","Nay Pyi Taw","Ottara(North)","AREA # 150103","Ottarathiri","MMR018008","Oke Ta Ra Thi Ri","Ottarathiri",177,179,356
